Full,Ra dec,_r,_RAJ2000,_DEJ2000,Plx,e_,Gmag,e_
,,arcsec,"""h:m:s""","""d:m:s""",mas,mas,mag,mag
1,15:42:46.75 -52:48:20.46,0.896,15 42 46.8576985498,-52 48 20.376640571,0.2848,0.0717,16.0685,0.0007
1,15:41:52.25 -52:43:56.48,1.484,15 41 52.4235586543,-52 43 56.673184951,0.0641,0.1103,16.6232,0.0007
2,15:41:52.25 -52:43:56.48,1.648,15 41 52.0725454473,-52 43 56.181626167,1.6673,0.5898,19.8481,0.0059
1,15:42:51.32 -52:50:09.96,1.623,15 42 51.4868752291,-52 50 10.541674179,0.2934,0.0838,16.5701,0.0007
1,15:41:59.07 -52:54:53.02,1.273,15 41 59.2158083745,-52 54 53.121306962,0.3294,0.0849,15.9169,0.0007
1,15:41:47.57 -52:43:48.40,0.271,15 41 47.6105140993,-52 43 48.444429138,2.1763,0.0277,13.3079,0.0002
1,15:42:21.05 -52:53:39.71,1.178,15 42 21.1676410533,-52 53 40.196010394,0.2217,0.1496,18.1506,0.0014
1,15:42:03.36 -52:54:10.02,0.422,15 42 03.3635517234,-52 54 09.570489731,0.4786,0.0806,17.0609,0.0008
1,15:42:34.61 -52:53:44.79,1.149,15 42 34.7378291593,-52 53 45.054727153,0.3183,0.0838,16.1674,0.0008
1,15:41:53.07 -52:46:31.77,1.075,15 41 53.1792826847,-52 46 32.143367040,0.3867,0.0639,15.712,0.0006
1,15:41:56.15 -52:46:40.87,0.955,15 41 56.2603865683,-52 46 40.781307981,0.4356,0.122,17.6507,0.0011
1,15:42:52.39 -52:43:53.21,1.268,15 42 52.5391975261,-52 43 53.007585973,0.5417,0.0333,14.7601,0.0003
1,15:42:01.21 -52:48:41.43,0.954,15 42 01.3229373723,-52 48 41.355020100,0.3046,0.0713,16.4639,0.0007
1,15:42:42.40 -52:54:25.38,1.413,15 42 42.5314054825,-52 54 26.045540444,0.2778,0.0903,16.4884,0.0008
1,15:42:47.71 -52:49:26.07,1.036,15 42 47.8312302811,-52 49 26.237012050,0.2783,0.115,15.9402,0.0008
1,15:42:07.27 -52:52:06.04,1.266,15 42 07.3198376943,-52 52 07.182902948,0.0834,0.1255,16.4035,0.0015
2,15:42:07.27 -52:52:06.04,1.542,15 42 07.4460992136,-52 52 05.964180191,0.5709,0.0592,15.5922,0.0007
1,15:42:04.46 -52:45:10.41,0.821,15 42 04.5386996727,-52 45 10.805980750,1.6812,0.029,13.9756,0.0003
1,15:42:11.12 -52:45:58.21,1.071,15 42 11.2239122397,-52 45 58.793929626,0.0945,0.1155,16.5101,0.0008
1,15:41:52.87 -52:50:42.77,0.547,15 41 52.9272796184,-52 50 43.037109391,0.4592,0.092,16.7506,0.0007
1,15:42:37.02 -52:43:45.15,0.744,15 42 37.1146469181,-52 43 45.206295921,0.2252,0.1095,17.3302,0.001
1,15:41:57.58 -52:46:38.66,0.88,15 41 57.6811776028,-52 46 38.614865083,0.3195,0.1128,17.5917,0.0011
1,15:42:49.65 -52:46:43.19,1.021,15 42 49.7662642715,-52 46 43.327046981,0.2797,0.0877,16.4457,0.0008
1,15:41:41.84 -52:49:44.57,0.792,15 41 41.9297913860,-52 49 44.704376379,0.4552,0.0861,13.4047,0.0008
1,15:42:04.49 -52:51:02.78,0.705,15 42 04.5756138338,-52 51 02.886595784,0.2596,0.0802,16.1807,0.0007
1,15:42:14.90 -52:51:56.91,1.398,15 42 15.0431884247,-52 51 57.439438569,0.267,0.0753,15.7008,0.0007
1,15:42:02.61 -52:45:42.18,1.001,15 42 02.7296473546,-52 45 42.069734381,0.3287,0.088,16.2825,0.0007
1,15:42:12.91 -52:45:02.46,0.582,15 42 12.9819132318,-52 45 02.444237699,0.3035,0.1501,17.5448,0.0011
1,15:42:52.25 -52:45:18.47,0.903,15 42 52.3538366810,-52 45 18.673880867,0.4066,0.1413,17.7922,0.0013
1,15:41:43.87 -52:51:17.90,0.971,15 41 43.9763830181,-52 51 18.131902217,0.2044,0.0742,16.9079,0.0008
1,15:42:49.07 -52:54:09.30,1.225,15 42 49.1955434809,-52 54 09.838211843,0.365,0.0781,16.0522,0.0007
1,15:42:10.98 -52:51:04.77,1.08,15 42 11.1012111694,-52 51 04.954012568,0.4875,0.0572,15.5826,0.0005
1,15:41:49.24 -52:48:29.67,1.044,15 41 49.3376861546,-52 48 30.270892609,0.2835,0.0756,15.425,0.0005
1,15:42:25.49 -52:54:03.91,1.482,15 42 25.6159600517,-52 54 02.977343123,0.4077,0.1328,17.7628,0.0012
1,15:41:51.71 -52:46:42.58,0.798,15 41 51.7720856459,-52 46 43.145436543,0.4458,0.1182,14.1482,0.0011
1,15:42:23.87 -52:53:53.08,1.112,15 42 23.9852929675,-52 53 53.512863058,0.4525,0.103,17.2708,0.0009
1,15:41:48.31 -52:50:42.31,1.305,15 41 48.4562406433,-52 50 42.089412012,0.4406,0.1228,17.5985,0.0012
1,15:42:11.01 -52:53:02.55,0.928,15 42 11.1210323863,-52 53 02.504407941,0.2999,0.0914,16.6855,0.0007
1,15:42:10.85 -52:51:40.98,1.089,15 42 10.9603701996,-52 51 41.437135354,0.3339,0.074,15.9496,0.0006
1,15:42:33.66 -52:43:37.35,0.867,15 42 33.7504494545,-52 43 37.751122331,-0.04,0.1274,16.7184,0.0008
1,15:42:12.84 -52:53:07.71,0.846,15 42 12.9360917572,-52 53 07.457288240,0.5065,0.0719,16.9044,0.0008
1,15:41:43.93 -52:47:25.54,1.302,15 41 44.0659060108,-52 47 25.999455638,0.6177,0.3281,19.1772,0.0035
1,15:42:23.47 -52:46:48.95,0.933,15 42 23.5738991308,-52 46 49.260103826,0.7908,0.1786,18.2677,0.0017
1,15:41:39.08 -52:46:53.26,1.168,15 41 39.2083317408,-52 46 53.162295816,? ,? ,17.8774,0.0054
1,15:41:56.57 -52:49:08.81,1.278,15 41 56.6942254755,-52 49 09.382998995,0.2174,0.0721,16.0705,0.0006
1,15:42:40.58 -52:52:44.94,0.858,15 42 40.6691505762,-52 52 45.322340978,0.1273,0.0837,16.4585,0.0008
1,15:42:18.45 -52:53:46.26,1.741,15 42 18.4368088461,-52 53 47.813110610,1.0033,0.0975,17.2616,0.0009
1,15:41:56.79 -52:52:38.56,1.129,15 41 56.9097602629,-52 52 39.009242334,0.3829,0.0866,16.8334,0.0008
2,15:41:56.79 -52:52:38.56,1.292,15 41 56.8716643088,-52 52 37.344276187,0.8729,0.7211,19.9103,0.0059
3,15:41:56.79 -52:52:38.56,1.821,15 41 56.6593427706,-52 52 39.848118514,1.8353,1.6994,20.7017,0.0101
1,15:42:35.29 -52:52:42.42,1.049,15 42 35.3739816639,-52 52 43.144666478,0.36,0.0787,16.5468,0.0007
1,15:42:23.49 -52:53:30.86,1.3,15 42 23.6378658465,-52 53 30.728125923,0.4148,0.0422,14.7633,0.0003
1,15:42:48.13 -52:45:25.15,0.847,15 42 48.2289948887,-52 45 25.238492344,0.4657,0.0734,16.6394,0.0007
1,15:42:26.30 -52:51:01.75,0.819,15 42 26.3832532116,-52 51 01.917763628,0.477,0.0958,16.0258,0.0009
1,15:41:49.14 -52:47:34.93,0.81,15 41 49.2329719818,-52 47 34.906906568,0.2502,0.0903,14.9104,0.0007
1,15:41:41.18 -52:50:53.20,1.221,15 41 41.2929475137,-52 50 53.922072039,0.4187,0.0369,14.6523,0.0004
1,15:41:54.97 -52:53:34.78,0.551,15 41 55.0312623930,-52 53 34.909459029,0.0456,0.1167,17.1089,0.0009
1,15:42:25.55 -52:52:13.09,0.726,15 42 25.6329597376,-52 52 13.208266907,0.186,0.0972,17.1437,0.001
1,15:42:03.67 -52:49:55.28,1.255,15 42 03.7995355222,-52 49 55.830872740,0.4367,0.1384,16.9399,0.001
1,15:42:50.04 -52:53:35.86,1.051,15 42 50.1379385527,-52 53 36.464770049,0.0978,0.1263,13.2068,0.001
1,15:41:44.41 -52:51:04.35,0.704,15 41 44.4823838268,-52 51 04.651045758,0.4083,0.0552,16.2571,0.0006
1,15:42:26.19 -52:49:39.26,1.149,15 42 26.3164125111,-52 49 39.540926461,0.2595,0.1069,16.2132,0.0009
1,15:41:39.61 -52:50:32.72,0.662,15 41 39.6848558541,-52 50 32.476156735,0.537,0.1119,17.6934,0.0011
1,15:42:10.93 -52:52:17.83,1.185,15 42 10.8119601310,-52 52 17.474010130,0.3709,0.0651,15.5833,0.0006
1,15:42:03.20 -52:48:42.83,0.731,15 42 03.2834074376,-52 48 43.056955149,0.27,0.1475,17.7332,0.0012
1,15:42:11.78 -52:54:31.61,1.229,15 42 11.9077161970,-52 54 32.094668406,0.3882,0.0883,17.1434,0.0008
1,15:42:22.81 -52:52:39.24,1.131,15 42 22.9536512224,-52 52 39.325715163,0.5999,0.0516,15.9815,0.0006
1,15:42:10.13 -52:44:58.96,1.129,15 42 10.2618463419,-52 44 58.819230513,0.1641,0.0805,15.2419,0.0005
1,15:42:06.63 -52:51:27.55,0.99,15 42 06.7471836093,-52 51 27.442282169,0.5598,0.0529,16.0294,0.0006
1,15:42:11.80 -52:44:35.68,0.895,15 42 11.8975855878,-52 44 35.929413704,0.3913,0.0651,15.7432,0.0006
1,15:41:44.65 -52:46:05.43,0.963,15 41 44.7387059579,-52 46 05.952145005,0.7347,0.2127,18.5834,0.002
1,15:41:58.44 -52:47:32.13,1.149,15 41 58.4158136472,-52 47 33.209043776,0.2555,0.1668,18.1321,0.0016
2,15:41:58.44 -52:47:32.13,1.319,15 41 58.5865531492,-52 47 31.705503681,0.278,0.1058,17.1684,0.0008
1,15:42:44.80 -52:54:19.69,0.504,15 42 44.8184079708,-52 54 19.155336670,0.3334,0.2317,18.3995,0.0024
2,15:42:44.80 -52:54:19.69,1.584,15 42 44.9693187335,-52 54 20.212555050,0.2033,0.1272,17.494,0.0067
1,15:41:41.21 -52:45:24.47,0.795,15 41 41.2931621886,-52 45 24.803336359,0.2585,0.0907,15.008,0.0005
1,15:42:41.93 -52:49:50.77,1.018,15 42 42.0501361971,-52 49 50.669393036,0.4196,0.078,16.6121,0.0008
1,15:42:49.33 -52:45:04.59,1.394,15 42 49.4885973267,-52 45 04.192999015,0.7548,0.0329,14.7122,0.0003
1,15:42:14.02 -52:53:43.29,0.668,15 42 14.0839183844,-52 53 42.799196625,0.4585,0.0629,15.9789,0.0006
1,15:42:38.62 -52:53:54.19,1.443,15 42 38.7807880306,-52 53 54.407377164,0.5937,0.1401,17.8471,0.0012
2,15:42:38.62 -52:53:54.19,1.815,15 42 38.7329724506,-52 53 55.672314761,-0.2159,0.3354,19.0404,0.0032
1,15:42:10.98 -52:52:18.38,1.774,15 42 11.1852377158,-52 52 18.617636919,0.3653,0.0566,15.3253,0.0005
2,15:42:10.98 -52:52:18.38,1.813,15 42 10.8119601310,-52 52 17.474010130,0.3709,0.0651,15.5833,0.0006
3,15:42:10.98 -52:52:18.38,1.95,15 42 11.0126130752,-52 52 20.188542571,-2.0041,0.8764,19.5346,0.0103
1,15:41:48.23 -52:45:42.60,0.543,15 41 48.2998413313,-52 45 42.608788109,0.4972,0.0951,16.2951,0.0008
1,15:42:03.37 -52:54:10.01,0.436,15 42 03.3635517234,-52 54 09.570489731,0.4786,0.0806,17.0609,0.0008
1,15:42:36.78 -52:45:58.08,0.793,15 42 36.8773111153,-52 45 57.972454926,0.421,0.0649,13.8976,0.0004
1,15:42:16.21 -52:50:12.47,1.206,15 42 16.3307549993,-52 50 12.736287069,0.6569,0.1124,17.4402,0.0011
1,15:42:30.83 -52:51:10.08,1.069,15 42 30.9552947912,-52 51 09.970392377,0.4855,0.1112,17.4613,0.0012
1,15:42:35.01 -52:45:40.43,1.024,15 42 35.1136403075,-52 45 40.774097026,0.3897,0.0677,14.6878,0.0004
1,15:42:04.21 -52:53:19.85,0.694,15 42 04.2856111917,-52 53 20.111297054,0.2133,0.0817,15.4763,0.0006
1,15:41:45.08 -52:54:38.29,1.109,15 41 45.2081248700,-52 54 38.396490239,0.427,0.0284,14.4311,0.0003
1,15:41:48.00 -52:51:03.89,1.113,15 41 48.1172551370,-52 51 04.326113775,0.3192,0.1115,17.6842,0.0012
1,15:41:58.40 -52:50:15.05,1.141,15 41 58.5087565254,-52 50 15.603740691,0.5317,0.1023,17.3253,0.0011
1,15:42:45.99 -52:47:16.03,1.409,15 42 46.1450365580,-52 47 16.400006244,0.2193,0.0834,15.9415,0.0007
2,15:42:45.99 -52:47:16.03,1.92,15 42 46.1906372813,-52 47 14.960125951,1.0143,0.2041,18.3677,0.0022
1,15:42:50.84 -52:44:27.57,1.022,15 42 50.9613227702,-52 44 27.610247317,0.3529,0.0766,16.2547,0.0009
2,15:42:50.84 -52:44:27.57,1.403,15 42 50.9971585713,-52 44 26.895912937,0.0524,0.3377,18.0968,0.0033
1,15:41:53.79 -52:54:36.09,0.814,15 41 53.7448480136,-52 54 35.367495160,0.3613,0.0866,17.0611,0.0009
1,15:42:05.89 -52:49:21.72,1.263,15 42 06.0254831213,-52 49 21.965224523,0.6507,0.1404,18.0033,0.0014
1,15:42:51.59 -52:43:59.91,0.952,15 42 51.6864980881,-52 44 00.289389868,0.3821,0.0836,16.7536,0.0008
1,15:42:28.66 -52:54:52.48,1.706,15 42 28.8530185061,-52 54 52.497406027,0.3404,0.0674,15.7783,0.0007
1,15:42:22.77 -52:45:55.98,1.239,15 42 22.9122169034,-52 45 56.033388853,0.3893,0.0745,16.6938,0.0007
1,15:41:48.49 -52:48:45.65,0.881,15 41 48.5867541204,-52 48 45.778019718,0.0865,0.3952,18.1714,0.004
1,15:42:28.34 -52:51:35.96,0.995,15 42 28.4339625312,-52 51 36.555277870,0.5228,0.1045,16.4322,0.001
2,15:42:28.34 -52:51:35.96,1.01,15 42 28.4258173861,-52 51 35.198953010,-1.5696,0.9982,20.03,0.0075
1,15:41:43.38 -52:53:30.36,0.939,15 41 43.4655031650,-52 53 30.772534796,0.4536,0.0605,16.3528,0.0007
1,15:42:34.44 -52:45:20.54,1.141,15 42 34.5745185688,-52 45 20.672584870,0.4847,0.0621,14.4154,0.0004
1,15:42:51.84 -52:49:04.38,1.336,15 42 51.9803547001,-52 49 04.911378632,0.5545,0.0984,17.0881,0.0009
1,15:42:06.47 -52:53:41.43,0.907,15 42 06.5718222983,-52 53 41.660816398,0.4284,0.0501,15.1579,0.0004
1,15:42:19.43 -52:45:18.92,0.63,15 42 19.4956023657,-52 45 19.242734819,0.2193,0.0839,14.8248,0.0004
1,15:42:11.45 -52:53:09.33,1.477,15 42 11.6193845832,-52 53 08.797916906,0.5854,0.0252,14.2134,0.0002
1,15:42:23.80 -52:51:48.72,0.955,15 42 23.9135736090,-52 51 48.555069726,0.3188,0.0621,16.2388,0.0007
1,15:42:01.55 -52:52:47.65,1.299,15 42 01.7048209575,-52 52 47.555710074,0.758,0.1429,17.9717,0.0013
1,15:42:24.17 -52:51:58.01,1.031,15 42 24.2822082613,-52 51 57.959477571,2.1304,0.1796,15.8049,0.0025
2,15:42:24.17 -52:51:58.01,1.606,15 42 24.3437529336,-52 51 57.688244964,? ,? ,18.1997,0.006
1,15:41:55.64 -52:49:04.47,0.867,15 41 55.7237788876,-52 49 04.821239547,0.4454,0.1383,18.0002,0.0013
1,15:41:39.13 -52:52:30.20,0.812,15 41 39.2148675697,-52 52 30.453892308,0.3981,0.1187,17.7702,0.0012
1,15:41:42.10 -52:46:42.91,0.98,15 41 42.2053910246,-52 46 43.233255966,0.3398,0.0453,15.9897,0.0005
1,15:41:57.53 -52:48:29.21,1.415,15 41 57.6880055700,-52 48 28.923989324,0.6892,0.1348,17.7253,0.0011
2,15:41:57.53 -52:48:29.21,1.861,15 41 57.4715949353,-52 48 27.414857628,-1.6501,1.1646,20.6058,0.0094
1,15:41:45.50 -52:46:38.11,0.474,15 41 45.5554346333,-52 46 37.748361673,0.5529,0.6095,18.7792,0.0041
1,15:41:58.11 -52:49:12.63,0.948,15 41 58.2173561972,-52 49 12.556811158,0.4619,0.0811,17.0097,0.0009
1,15:42:24.00 -52:45:34.62,1.05,15 42 24.1179631777,-52 45 34.835394847,0.3915,0.0718,16.6087,0.0007
1,15:41:47.91 -52:46:20.26,1.216,15 41 48.0452052523,-52 46 20.240295412,0.4161,0.0957,17.3754,0.001
2,15:41:47.91 -52:46:20.26,1.458,15 41 48.0535993944,-52 46 19.605688644,? ,? ,20.3444,0.0123
1,15:42:50.07 -52:49:02.76,1.258,15 42 50.2160836409,-52 49 02.608863161,0.4953,0.2162,17.8277,0.002
1,15:41:45.10 -52:54:38.29,0.931,15 41 45.2081248700,-52 54 38.396490239,0.427,0.0284,14.4311,0.0003
1,15:42:20.55 -52:51:52.37,1.196,15 42 20.6836776805,-52 51 52.339338887,0.4554,0.0746,15.5999,0.0006
1,15:42:12.37 -52:43:58.58,0.971,15 42 12.4635652306,-52 43 59.129583012,0.1645,0.1032,14.7217,0.0007
1,15:41:50.51 -52:51:37.07,1.262,15 41 50.6589089998,-52 51 37.237042060,0.3928,0.0401,14.791,0.0004
1,15:41:54.34 -52:49:14.71,0.83,15 41 54.4316915727,-52 49 15.009730044,0.5007,0.1366,17.7953,0.0012
1,15:42:03.37 -52:54:40.11,1.267,15 42 03.5183997412,-52 54 40.216130785,0.382,0.0571,16.3374,0.0006
2,15:42:03.37 -52:54:40.11,1.651,15 42 03.4771843913,-52 54 41.424465220,0.2884,0.8267,20.0554,0.0076
1,15:42:35.86 -52:45:46.96,1.139,15 42 35.9914308924,-52 45 46.765877732,0.3149,0.0571,16.0694,0.0007
1,15:42:00.19 -52:54:47.44,1.221,15 42 00.3308359258,-52 54 47.472814050,0.2392,0.0568,16.331,0.0006
1,15:41:59.92 -52:44:14.19,0.499,15 41 59.9780665698,-52 44 14.294174999,0.429,0.0774,16.466,0.0019
1,15:42:34.27 -52:46:00.56,0.55,15 42 34.2196169261,-52 46 00.579616398,1.366,0.6553,19.4636,0.0067
2,15:42:34.27 -52:46:00.56,1.356,15 42 34.4161973064,-52 46 00.840136116,? ,? ,16.4161,0.0032
1,15:42:24.90 -52:43:45.45,0.647,15 42 24.9718254088,-52 43 45.552890186,0.4535,0.0405,14.3493,0.0003
1,15:41:51.17 -52:54:19.81,0.433,15 41 51.1372307729,-52 54 19.426746574,0.5542,0.6888,19.8384,0.0071
2,15:41:51.17 -52:54:19.81,0.997,15 41 51.2804556216,-52 54 19.980012690,0.4314,0.0635,16.5151,0.0008
1,15:41:41.61 -52:49:08.27,0.913,15 41 41.7139729518,-52 49 08.188967025,0.5573,0.0502,16.0244,0.0006
1,15:42:45.59 -52:43:47.88,0.634,15 42 45.6671289130,-52 43 47.861445269,0.3227,0.1066,16.5161,0.0008
1,15:42:15.18 -52:46:34.73,1.057,15 42 15.2928775858,-52 46 34.604877313,0.5785,0.1028,16.0337,0.0007
1,15:42:06.59 -52:49:06.83,1.117,15 42 06.7052676110,-52 49 06.945394165,0.393,0.0985,17.3809,0.001
1,15:42:11.37 -52:50:37.52,0.983,15 42 11.4887277865,-52 50 37.546870032,0.2968,0.0872,16.3021,0.0007
1,15:42:21.72 -52:54:47.82,1.048,15 42 21.8228411473,-52 54 48.328149668,0.2334,0.3139,17.9768,0.0023
1,15:42:14.53 -52:54:40.08,0.875,15 42 14.6249170963,-52 54 40.367420163,0.1124,0.1191,17.7206,0.0012
1,15:42:03.90 -52:51:51.70,1.07,15 42 03.7978434598,-52 51 51.271875840,2.226,0.537,19.735,0.0051
2,15:42:03.90 -52:51:51.70,1.098,15 42 04.0173840931,-52 51 52.055002205,0.5038,0.0816,17.0916,0.0008
3,15:42:03.90 -52:51:51.70,1.778,15 42 03.8107522032,-52 51 53.283591396,? ,? ,20.6299,0.0168
1,15:41:53.69 -52:49:59.97,0.867,15 41 53.7894254753,-52 50 00.099387644,0.6977,0.1142,17.6298,0.0011
1,15:42:27.84 -52:52:55.39,1.5,15 42 27.9827264222,-52 52 56.199373948,0.5082,0.1221,17.5614,0.0011
1,15:42:19.02 -52:51:03.67,0.781,15 42 19.1087856996,-52 51 03.624865990,0.3969,0.0613,15.7092,0.0008
1,15:41:57.22 -52:50:32.07,0.552,15 41 57.2048522136,-52 50 31.535436912,? ,? ,20.6631,0.0189
2,15:41:57.22 -52:50:32.07,0.847,15 41 57.3257077047,-52 50 32.069478336,-2.1978,0.3186,16.7248,0.0039
3,15:41:57.22 -52:50:32.07,1.518,15 41 57.3859329264,-52 50 31.859535732,? ,? ,18.4339,0.0058
1,15:41:42.81 -52:54:51.99,1.268,15 41 42.9450400774,-52 54 52.338965863,0.5067,0.022,13.4246,0.0002
1,15:41:53.66 -52:54:35.85,0.785,15 41 53.7448480136,-52 54 35.367495160,0.3613,0.0866,17.0611,0.0009
1,15:41:47.59 -52:52:32.49,1.303,15 41 47.7329685548,-52 52 32.862284999,0.4925,0.066,16.6306,0.0006
1,15:41:47.26 -52:51:01.07,0.764,15 41 47.3256961680,-52 51 01.549071144,? ,? ,17.5482,0.0022
2,15:41:47.26 -52:51:01.07,1.349,15 41 47.3955005620,-52 51 01.660371889,0.3465,0.1394,17.4425,0.0027
1,15:42:25.31 -52:44:02.14,0.776,15 42 25.3619432917,-52 44 02.686560743,0.5958,0.0735,11.598,0.0007
1,15:42:48.39 -52:53:27.65,1.396,15 42 48.5193101595,-52 53 28.381944311,0.9605,0.0918,17.0847,0.0009
1,15:41:44.99 -52:52:44.18,0.949,15 41 45.0913461007,-52 52 44.148288285,0.5727,0.0836,17.1739,0.0008
1,15:42:44.94 -52:53:44.89,0.995,15 42 45.0468712145,-52 53 45.433062855,2.2862,0.4919,16.6713,0.0022
1,15:41:38.55 -52:45:58.08,0.315,15 41 38.5756771655,-52 45 57.756691866,-1.541,0.63,17.1253,0.0067
1,15:41:55.70 -52:44:06.63,0.501,15 41 55.7658173563,-52 44 06.758518571,0.8167,0.0923,16.9897,0.0008
1,15:42:41.70 -52:44:23.83,1.218,15 42 41.8400800590,-52 44 23.622577579,0.3417,0.119,17.4275,0.0012
1,15:42:24.42 -52:51:16.19,0.457,15 42 24.4658781725,-52 51 15.957519524,0.3549,0.0763,16.7848,0.0008
1,15:41:59.19 -52:54:00.25,0.943,15 41 59.2935411923,-52 54 00.332013748,0.4081,0.0376,14.9169,0.0004
1,15:42:40.50 -52:49:57.12,1.111,15 42 40.6144390901,-52 49 57.572921838,0.687,0.0423,15.3689,0.0004
1,15:42:05.30 -52:49:19.92,1.183,15 42 05.4279526757,-52 49 20.233971906,0.4991,0.1332,17.9136,0.0013
1,15:42:28.07 -52:43:48.59,1.181,15 42 28.2179000319,-52 43 48.709217967,0.6052,0.1134,17.2965,0.0009
1,15:42:05.05 -52:51:28.56,0.678,15 42 05.1304721929,-52 51 28.308088037,0.2006,0.0889,16.2343,0.0007
1,15:42:49.95 -52:47:59.75,0.715,15 42 50.0315908178,-52 47 59.856430918,0.8829,0.0516,15.8203,0.0005
1,15:42:11.93 -52:54:23.57,0.822,15 42 11.9956124369,-52 54 24.140836766,1.036,0.4438,17.8482,0.0061
1,15:42:02.10 -52:46:47.63,0.991,15 42 02.2111946497,-52 46 47.385534795,-0.3412,0.2629,15.5775,0.001
1,15:42:44.06 -52:54:44.00,0.768,15 42 44.1298184783,-52 54 44.416102628,0.561,0.0785,16.124,0.0007
1,15:42:15.33 -52:54:29.35,1.004,15 42 15.4359663835,-52 54 29.814664910,0.5112,0.0959,17.3,0.0009
1,15:42:26.90 -52:46:43.71,1.032,15 42 27.0260047172,-52 46 43.749938287,0.4107,0.1327,17.6421,0.0011
2,15:42:26.90 -52:46:43.71,1.264,15 42 26.8110055896,-52 46 44.683071132,? ,? ,20.8549,0.0167
1,15:42:00.24 -52:49:39.16,0.97,15 42 00.3389500878,-52 49 39.515762952,0.5693,0.0529,16.1858,0.0006
2,15:42:00.24 -52:49:39.16,1.447,15 42 00.2658989614,-52 49 37.709578107,-0.898,0.5206,19.5969,0.0055
1,15:41:48.78 -52:48:58.58,0.804,15 41 48.8722301432,-52 48 58.752916399,0.4418,0.132,17.9471,0.0013
1,15:41:48.72 -52:53:30.00,1.508,15 41 48.8793864400,-52 53 30.509702603,0.3525,0.0413,15.2953,0.0004
1,15:42:29.10 -52:49:24.22,0.991,15 42 29.2087041542,-52 49 24.350208587,0.5917,0.0673,16.4981,0.0008
1,15:42:47.77 -52:47:25.44,0.172,15 42 47.7811865551,-52 47 25.451798432,0.7757,0.0415,15.4369,0.0005
1,15:41:57.24 -52:52:52.87,0.697,15 41 57.3169912321,-52 52 52.762726832,0.5467,0.0643,16.64,0.0007
1,15:42:45.65 -52:45:55.83,1.074,15 42 45.7687631931,-52 45 55.874535948,0.5859,0.0714,16.4149,0.0007
1,15:42:38.76 -52:50:06.93,1.287,15 42 38.9000874005,-52 50 07.218903965,0.6147,0.0369,15.0809,0.0004
1,15:41:51.57 -52:43:48.00,1.803,15 41 51.7681545874,-52 43 47.523969747,-0.0611,0.1328,16.8242,0.0008
1,15:41:55.50 -52:54:19.81,0.763,15 41 55.5902064906,-52 54 19.957075292,0.5042,0.0688,16.7158,0.0008
1,15:41:40.02 -52:52:01.97,1.208,15 41 40.1431036067,-52 52 02.519343710,0.4664,0.1778,18.4321,0.0017
2,15:41:40.02 -52:52:01.97,1.464,15 41 40.0250890632,-52 52 00.506666352,? ,? ,20.9731,0.0204
1,15:41:57.73 -52:51:18.73,1.052,15 41 57.8501928045,-52 51 18.679588012,0.356,0.0847,16.2208,0.0012
2,15:41:57.73 -52:51:18.73,1.993,15 41 57.9006129132,-52 51 19.976452503,0.4799,0.1036,17.0729,0.001
1,15:42:12.53 -52:54:31.90,0.763,15 42 12.6219751153,-52 54 31.682085202,0.3622,0.0705,15.9856,0.0007
1,15:42:46.30 -52:49:08.51,0.864,15 42 46.3901327147,-52 49 08.530551577,0.3668,0.1556,17.8318,0.0013
1,15:41:59.36 -52:49:54.37,1.234,15 41 59.4912283076,-52 49 54.792216836,0.4768,0.0462,15.8977,0.0005
1,15:42:19.13 -52:45:03.91,1.022,15 42 19.2510100555,-52 45 03.839463934,0.5029,0.046,15.7336,0.0005
1,15:42:00.42 -52:49:30.95,1.274,15 42 00.5637576863,-52 49 31.216213877,0.7356,0.0896,17.2181,0.001
2,15:42:00.42 -52:49:30.95,1.939,15 42 00.4850028687,-52 49 28.995442107,0.6099,0.2166,18.618,0.0022
1,15:42:04.80 -52:48:34.80,1.172,15 42 04.9268882494,-52 48 35.055939591,0.4309,0.0726,16.8173,0.0008
1,15:41:44.60 -52:53:07.69,0.103,15 41 44.6382596607,-52 53 07.648271452,0.6155,0.0566,16.3397,0.0007
1,15:41:56.75 -52:49:59.02,0.748,15 41 56.8188523370,-52 49 59.469683404,0.5243,0.0391,15.3522,0.0004
1,15:42:33.92 -52:49:03.30,0.357,15 42 33.9638335776,-52 49 03.310252469,0.5838,0.0768,11.4891,0.0014
1,15:42:52.15 -52:49:48.77,1.605,15 42 52.3097776139,-52 49 49.341652196,0.5555,0.0293,14.3527,0.0003
1,15:41:50.59 -52:51:05.96,0.867,15 41 50.6773656493,-52 51 06.426241036,0.2997,0.0933,15.2746,0.0007
1,15:42:34.88 -52:47:33.41,0.877,15 42 34.9762600746,-52 47 33.462568972,0.5873,0.0656,16.4444,0.0007
1,15:41:59.81 -52:48:45.09,1.16,15 41 59.9365919137,-52 48 45.200096512,0.891,0.0707,16.6902,0.0007
1,15:42:28.97 -52:46:11.55,1.126,15 42 29.0898291581,-52 46 11.826339203,0.6711,0.0831,16.7767,0.0007
1,15:42:39.01 -52:49:57.18,1.08,15 42 39.1300291095,-52 49 57.293703343,0.6124,0.0479,15.351,0.0005
1,15:42:38.98 -52:50:37.33,1.141,15 42 39.1106875530,-52 50 37.128149360,0.5163,0.0603,15.2374,0.0005
2,15:42:38.98 -52:50:37.33,1.571,15 42 38.9784969375,-52 50 38.859576697,0.1542,0.3276,18.6356,0.0031
1,15:41:59.26 -52:48:36.96,0.925,15 41 59.3667651903,-52 48 37.002992873,0.5985,0.0255,14.0277,0.0002
1,15:41:59.26 -52:48:36.96,0.925,15 41 59.3667651903,-52 48 37.002992873,0.5985,0.0255,14.0277,0.0002
1,15:42:26.96 -52:43:41.76,0.855,15 42 27.0425418156,-52 43 42.163851035,0.4442,0.0337,12.9922,0.0004
1,15:42:44.18 -52:52:42.73,0.287,15 42 44.2078161684,-52 52 42.879263967,0.3572,0.15,17.3993,0.0027
2,15:42:44.18 -52:52:42.73,1.334,15 42 44.3084668266,-52 52 43.430511988,0.2384,0.2906,16.6467,0.0027
1,15:42:32.02 -52:51:05.44,1.266,15 42 32.1608779649,-52 51 05.602067393,0.4964,0.1129,17.4547,0.001
1,15:42:44.94 -52:53:34.80,1.14,15 42 45.0669907174,-52 53 35.026791810,0.6076,0.0396,15.3557,0.0004
1,15:42:21.02 -52:52:22.12,1.412,15 42 21.1740140453,-52 52 22.141577403,0.3609,0.0459,15.6757,0.0005
1,15:41:47.74 -52:54:31.62,1.122,15 41 47.8402307216,-52 54 32.278241092,0.5421,0.0471,16.0222,0.0006
2,15:41:47.74 -52:54:31.62,1.648,15 41 47.5708847795,-52 54 32.231484585,0.6992,0.2289,18.5594,0.0026
1,15:42:47.23 -52:44:50.14,1.002,15 42 47.3247496447,-52 44 50.786109471,0.5567,0.0731,16.5777,0.0007
1,15:42:12.73 -52:52:06.82,0.639,15 42 12.6817087527,-52 52 07.211075274,0.057,0.2677,18.7727,0.0026
2,15:42:12.73 -52:52:06.82,1.116,15 42 12.8666592845,-52 52 06.754897179,0.6045,0.0538,16.1346,0.0006
1,15:41:55.75 -52:50:43.11,1.281,15 41 55.8950769793,-52 50 43.146773484,0.5029,0.0375,15.4362,0.0004
2,15:41:55.75 -52:50:43.11,1.911,15 41 55.8334204416,-52 50 44.865165516,? ,? ,20.6357,0.0163
1,15:42:43.16 -52:49:51.75,1.222,15 42 43.2861653001,-52 49 52.211881710,1.05,0.0537,15.7439,0.0006
1,15:42:04.29 -52:51:29.84,1.231,15 42 04.4262852209,-52 51 30.120921279,0.5954,0.0594,16.2665,0.0006
1,15:42:05.78 -52:52:04.55,1.575,15 42 05.8960554107,-52 52 05.431300416,0.7909,0.0362,12.1453,0.0002
1,15:41:58.25 -52:52:13.50,0.739,15 41 58.3353763264,-52 52 13.687561278,0.5511,0.0508,16.1206,0.0005
1,15:42:18.40 -52:45:08.17,0.88,15 42 18.5023458206,-52 45 07.867133226,0.6355,0.1168,17.4874,0.001
1,15:42:30.20 -52:45:01.73,0.982,15 42 30.3000313731,-52 45 02.092076075,0.4683,0.096,17.0429,0.0008
1,15:41:43.90 -52:53:03.37,0.779,15 41 43.9726702949,-52 53 03.808349392,0.7621,0.0314,14.946,0.0003
1,15:42:43.88 -52:44:17.85,1.059,15 42 43.9997459539,-52 44 17.654649491,0.4785,0.0278,14.0249,0.0002
1,15:42:42.48 -52:44:02.49,0.768,15 42 42.5712145829,-52 44 02.466052512,0.5956,0.0284,14.0975,0.0002
1,15:42:04.21 -52:53:19.85,0.694,15 42 04.2856111917,-52 53 20.111297054,0.2133,0.0817,15.4763,0.0006
1,15:41:50.89 -52:51:45.54,1.182,15 41 51.0211932197,-52 51 45.489696472,0.5993,0.0459,15.8225,0.0004
1,15:42:47.66 -52:52:43.75,1.241,15 42 47.7974552254,-52 52 43.853195648,0.5364,0.0279,14.1482,0.0003
1,15:41:56.19 -52:51:47.04,1.589,15 41 56.3345151538,-52 51 47.598053759,1.2384,0.0859,17.2008,0.0008
1,15:41:48.31 -52:50:42.08,1.29,15 41 48.4562406433,-52 50 42.089412012,0.4406,0.1228,17.5985,0.0012
1,15:42:25.06 -52:53:03.88,1.952,15 42 25.2611925774,-52 53 04.646710184,0.6682,0.0493,15.8503,0.0006
1,15:42:41.96 -52:46:42.67,1.126,15 42 42.0830310557,-52 46 43.050127346,0.5995,0.0478,15.7403,0.0005
2,15:42:41.96 -52:46:42.67,1.638,15 42 42.0481043712,-52 46 44.100158880,? ,? ,19.9725,0.0107
1,15:42:02.10 -52:46:19.31,1.058,15 42 02.2116245470,-52 46 19.687686007,0.6927,0.0398,14.8082,0.0003
1,15:41:57.37 -52:48:06.74,1.127,15 41 57.4959293887,-52 48 06.842731383,0.4634,0.0595,16.2666,0.0007
1,15:42:07.87 -52:45:50.30,1.064,15 42 07.9585977011,-52 45 50.985329261,0.6136,0.0436,15.4361,0.0004
1,15:42:51.53 -52:48:34.49,0.919,15 42 51.6405636795,-52 48 34.674835589,0.5872,0.0306,14.5916,0.0003
2,15:42:51.53 -52:48:34.49,1.486,15 42 51.4363470215,-52 48 33.283602723,-0.068,0.1392,17.3862,0.0012
1,15:42:07.76 -52:45:47.17,1.539,15 42 07.8601133161,-52 45 45.891922525,0.7279,0.0486,15.6941,0.0005
1,15:42:49.35 -52:45:04.45,1.189,15 42 49.4885973267,-52 45 04.192999015,0.7548,0.0329,14.7122,0.0003
1,15:41:51.35 -52:54:05.83,1.521,15 41 51.5182254941,-52 54 06.148897621,0.5279,0.0223,13.7479,0.0002
1,15:41:55.35 -52:50:35.63,1.241,15 41 55.4857967183,-52 50 35.824097019,0.6215,0.1005,16.7047,0.0007
1,15:42:38.02 -52:53:25.42,1.088,15 42 38.1333578876,-52 53 25.902393842,0.572,0.0303,13.0491,0.0005
2,15:42:38.02 -52:53:25.42,1.52,15 42 38.0178808008,-52 53 26.939858928,? ,? ,17.5108,0.0082
1,15:41:44.59 -52:53:07.69,0.191,15 41 44.6382596607,-52 53 07.648271452,0.6155,0.0566,16.3397,0.0007
1,15:42:36.78 -52:45:58.08,0.793,15 42 36.8773111153,-52 45 57.972454926,0.421,0.0649,13.8976,0.0004
1,15:41:52.49 -52:47:26.68,0.945,15 41 52.5880474214,-52 47 26.953015414,0.6204,0.0403,15.5858,0.0004
1,15:41:44.30 -52:48:09.50,1.278,15 41 44.4461181186,-52 48 09.602527256,0.5794,0.022,13.5852,0.0002
1,15:41:50.49 -52:46:36.81,0.993,15 41 50.5907277343,-52 46 37.207235964,0.5047,0.0224,13.3037,0.0002
1,15:42:42.60 -52:52:46.42,1.186,15 42 42.7072863825,-52 52 47.155583816,0.6737,0.044,12.7881,0.0004
1,15:41:52.80 -52:47:17.67,0.518,15 41 52.8569369136,-52 47 17.627027244,? ,? ,14.5479,0.0023
1,15:42:29.37 -52:53:28.23,0.749,15 42 29.4547185178,-52 53 28.483571703,0.4176,0.0801,16.8244,0.0008
1,15:41:38.48 -52:50:26.81,1.461,15 41 38.6407661177,-52 50 26.824261060,0.5699,0.0585,14.785,0.0004
1,15:41:51.33 -52:47:09.50,1.039,15 41 51.2427042991,-52 47 08.854056124,0.6504,0.0918,17.2108,0.0008
1,15:41:55.77 -52:48:17.45,1.344,15 41 55.9162618677,-52 48 17.676834345,0.5315,0.0847,17.1159,0.0009
1,15:41:52.28 -52:47:55.32,0.868,15 41 52.3713548376,-52 47 55.577170860,? ,? ,16.8318,0.0012
2,15:41:52.28 -52:47:55.32,1.262,15 41 52.4006728669,-52 47 54.818537401,1.2412,0.1242,15.6154,0.0027
1,15:41:56.13 -52:47:25.10,0.992,15 41 56.2056071572,-52 47 25.798081008,0.625,0.1124,17.6593,0.0011
1,15:41:43.58 -52:45:34.95,1.101,15 41 43.6965105695,-52 45 35.162774975,0.5637,0.0805,16.7827,0.0008
1,15:41:44.15 -52:52:43.12,0.774,15 41 44.2442610071,-52 52 43.323835310,0.6919,0.033,15.0112,0.0003
1,15:42:44.09 -52:44:26.36,0.66,15 42 44.1803341892,-52 44 26.318914327,0.7243,0.0262,13.7265,0.0002
1,15:41:48.26 -52:53:18.62,1.738,15 41 48.4537906051,-52 53 18.518211491,0.7352,0.0482,16.0245,0.0006
1,15:42:05.56 -52:45:41.12,1.071,15 42 05.6852307499,-52 45 41.094954378,0.6345,0.0918,17.048,0.0008
1,15:42:46.51 -52:48:13.12,0.722,15 42 46.6077244453,-52 48 13.129439934,0.6413,0.0706,16.5112,0.0007
1,15:42:41.62 -52:52:49.87,1.156,15 42 41.7383742730,-52 52 50.354691427,0.5303,0.0343,14.8611,0.0003
1,15:41:50.29 -52:49:56.42,0.749,15 41 50.3597428695,-52 49 56.788407348,0.6626,0.028,14.5076,0.0002
1,15:41:51.05 -52:50:44.51,1.18,15 41 51.1712494242,-52 50 44.930529483,0.5607,0.0274,14.5701,0.0003
1,15:42:44.89 -52:54:01.09,0.97,15 42 45.0021842348,-52 54 01.517849938,0.8103,0.0696,16.6188,0.0007
1,15:42:44.15 -52:54:06.79,1.093,15 42 44.2474033039,-52 54 07.378541353,0.7989,0.053,15.8958,0.0005
1,15:42:21.71 -52:44:41.39,0.934,15 42 21.8125923313,-52 44 41.573929298,0.3623,0.1424,17.3572,0.0013
1,15:41:43.06 -52:52:30.81,1.482,15 41 43.1954673744,-52 52 31.641275640,? ,? ,15.5047,0.01
1,15:42:11.23 -52:44:49.56,1.132,15 42 11.3526088319,-52 44 49.809963355,1.1259,0.0455,15.4255,0.0008
1,15:42:03.61 -52:49:07.38,0.721,15 42 03.5410112136,-52 49 07.021099092,? ,? ,20.6939,0.0136
2,15:42:03.61 -52:49:07.38,0.841,15 42 03.7075136238,-52 49 07.517234372,0.9329,0.0878,17.0102,0.0009
1,15:42:08.10 -52:50:13.87,1.2,15 42 08.2202341725,-52 50 14.322597968,0.5029,0.0222,13.3956,0.0003
1,15:42:19.53 -52:47:06.97,1.03,15 42 19.6286913581,-52 47 07.561518795,0.6026,0.0593,16.1643,0.0006
1,15:41:46.43 -52:51:16.46,0.885,15 41 46.5176777306,-52 51 16.817482436,0.6241,0.032,15.0664,0.0003
1,15:42:25.32 -52:51:42.53,0.95,15 42 25.4167247698,-52 51 42.839009388,0.7254,0.0404,15.4461,0.0005
1,15:41:40.57 -52:48:29.92,1.01,15 41 40.5473824872,-52 48 30.855727711,1.8784,0.5187,19.59,0.0047
2,15:41:40.57 -52:48:29.92,1.26,15 41 40.7064502995,-52 48 29.617674252,0.901,0.0662,16.4831,0.0009
1,15:42:11.45 -52:53:09.09,1.428,15 42 11.6193845832,-52 53 08.797916906,0.5854,0.0252,14.2134,0.0002
1,15:42:32.03 -52:53:13.80,0.917,15 42 32.1232594231,-52 53 14.228154517,1.0968,0.3066,15.1409,0.0008
1,15:42:22.46 -52:51:15.31,1.159,15 42 22.5897402988,-52 51 15.474228729,0.9524,0.0307,14.2902,0.0003
1,15:41:59.65 -52:47:11.94,0.997,15 41 59.7626180131,-52 47 11.829852254,0.9035,0.0323,15.0928,0.0004
1,15:41:54.92 -52:46:25.55,1.101,15 41 55.0412454213,-52 46 25.736837786,0.7592,0.0317,15.0002,0.0003
1,15:41:49.74 -52:47:16.87,1.65,15 41 49.9138412661,-52 47 17.329113812,0.8136,0.1833,18.3667,0.0019
1,15:41:41.79 -52:47:39.12,0.801,15 41 41.8769066130,-52 47 39.032299412,0.4577,0.0694,16.7893,0.0007
1,15:41:40.16 -52:46:22.14,0.873,15 41 40.2508311086,-52 46 22.461829646,0.8167,0.0595,16.4434,0.0006
2,15:41:40.16 -52:46:22.14,1.231,15 41 40.0817212957,-52 46 21.193721169,0.2765,0.6646,20.1505,0.0066
1,15:41:50.97 -52:52:55.17,1.2,15 41 51.1102473418,-52 52 55.504227264,0.7026,0.0457,15.9601,0.0005
1,15:41:47.62 -52:47:31.15,0.649,15 41 47.7001438030,-52 47 31.337061113,0.4899,0.05,15.7246,0.0005
1,15:41:48.34 -52:52:39.81,1.195,15 41 48.4785589088,-52 52 39.996076492,0.6709,0.1243,17.3466,0.0012
1,15:41:57.98 -52:52:04.55,1.059,15 41 58.0880893527,-52 52 04.732629443,-0.2538,0.1302,16.254,0.0019
1,15:42:06.73 -52:50:53.88,0.715,15 42 06.8082160503,-52 50 53.864267312,0.5604,0.0733,16.7799,0.0008
1,15:42:18.22 -52:44:58.81,1.353,15 42 18.3612469235,-52 44 58.421956330,0.4467,0.0438,15.1028,0.0005
1,15:42:41.28 -52:46:30.05,1.185,15 42 41.4158969720,-52 46 30.196291134,0.5874,0.0803,16.8214,0.0007
1,15:42:02.48 -52:51:38.85,1.251,15 42 02.5870752538,-52 51 39.636044539,0.5258,0.0755,16.8535,0.0008
2,15:42:02.48 -52:51:38.85,1.856,15 42 02.2882320035,-52 51 39.535061632,1.925,1.058,20.523,0.0096
1,15:42:04.99 -52:51:55.67,1.198,15 42 05.1272909225,-52 51 55.599526537,0.7899,0.0857,17.0657,0.0009
1,15:42:05.47 -52:53:15.10,0.767,15 42 05.5756610188,-52 53 15.350125960,0.762,0.0405,15.6819,0.0005
1,15:42:27.91 -52:53:37.94,1.124,15 42 28.0317834220,-52 53 38.389411806,0.6847,0.0464,15.624,0.0005
1,15:42:34.37 -52:51:53.65,1.132,15 42 34.5021412511,-52 51 53.808470346,0.6173,0.0627,16.0222,0.0008
1,15:42:24.66 -52:53:18.64,1.09,15 42 24.7882769955,-52 53 18.629569132,0.5188,0.0323,14.7537,0.0003
1,15:41:59.57 -52:44:28.22,1.217,15 41 59.6882511060,-52 44 28.789282984,0.8572,0.1095,17.2329,0.001
1,15:41:59.67 -52:48:26.88,0.904,15 41 59.7746409957,-52 48 26.769975597,0.8183,0.1236,17.7536,0.0011
1,15:42:29.60 -52:46:32.72,0.746,15 42 29.6753817367,-52 46 33.028488698,1.1889,0.1122,17.2898,0.001
1,15:41:44.70 -52:47:57.22,0.913,15 41 44.8045532644,-52 47 57.154042075,0.5367,0.0353,15.3362,0.0004
1,15:42:26.84 -52:52:54.40,1.022,15 42 26.9581082548,-52 52 54.482283510,0.4981,0.032,14.7747,0.0003
1,15:41:39.28 -52:44:02.39,1.306,15 41 39.4201153632,-52 44 02.850823019,0.7959,0.07,16.4973,0.0008
1,15:42:04.87 -52:48:53.76,1.372,15 42 05.0141149649,-52 48 54.181562552,1.0364,0.0499,15.9786,0.0009
1,15:41:51.01 -52:44:45.80,0.63,15 41 51.0764593775,-52 44 45.906815218,0.72,0.0718,16.4447,0.0007
1,15:42:02.94 -52:48:51.02,0.956,15 42 02.9703615668,-52 48 50.019467538,0.5111,0.194,18.2414,0.0026
2,15:42:02.94 -52:48:51.02,1.077,15 42 03.0616220596,-52 48 51.375704675,0.3821,0.0681,16.7173,0.0009
1,15:41:58.41 -52:45:53.27,0.99,15 41 58.5204159489,-52 45 53.482274417,0.6923,0.107,17.1707,0.0011
1,15:42:52.59 -52:47:52.58,1.298,15 42 52.6892078595,-52 47 51.601772051,0.5312,0.0568,16.113,0.0006
1,15:41:57.00 -52:53:52.07,0.678,15 41 57.0675299468,-52 53 52.390786053,0.5241,0.0391,15.5782,0.0004
1,15:41:38.98 -52:46:15.39,1.232,15 41 39.1056725004,-52 46 16.029706307,0.4845,0.0301,14.6886,0.0003
1,15:42:39.19 -52:54:36.30,0.956,15 42 39.2919929291,-52 54 36.644332550,0.8484,0.0805,16.8416,0.0007
1,15:41:39.33 -52:53:38.87,0.868,15 41 39.4199242763,-52 53 39.143042219,0.5738,0.0511,16.2105,0.0006
1,15:41:51.12 -52:52:30.09,0.808,15 41 51.2101040878,-52 52 30.275802125,1.068,0.0262,14.3797,0.0003
1,15:42:44.25 -52:49:37.05,0.909,15 42 44.3505695183,-52 49 37.321026029,0.7894,0.045,15.287,0.0004
2,15:42:44.25 -52:49:37.05,1.658,15 42 44.3587878044,-52 49 35.645072494,-0.0177,0.4186,18.708,0.0039
1,15:42:43.26 -52:54:47.71,1.256,15 42 43.3955506748,-52 54 48.057062597,1.0264,0.0984,17.2459,0.001
1,15:41:48.26 -52:53:18.62,1.738,15 41 48.4537906051,-52 53 18.518211491,0.7352,0.0482,16.0245,0.0006
1,15:42:49.89 -52:46:14.63,0.471,15 42 49.9524661723,-52 46 14.246209682,0.8371,0.0894,16.938,0.0013
2,15:42:49.89 -52:46:14.63,1.951,15 42 50.0959165857,-52 46 15.389118283,0.316,0.1382,15.9201,0.001
1,15:41:56.22 -52:46:57.93,0.816,15 41 56.3143018617,-52 46 57.793721722,0.5784,0.0425,15.7487,0.0005
1,15:42:28.48 -52:44:12.49,0.236,15 42 28.4667424392,-52 44 12.287605128,? ,? ,20.4145,0.0129
2,15:42:28.48 -52:44:12.49,0.975,15 42 28.5900683866,-52 44 12.627377331,0.3002,0.0582,15.769,0.0006
1,15:41:46.64 -52:53:24.45,0.685,15 41 46.7241822704,-52 53 24.457226979,0.6438,0.0645,16.6015,0.0007
1,15:42:02.80 -52:53:54.11,1.212,15 42 02.9421388043,-52 53 54.357052739,-0.2205,0.7498,12.3071,0.0003
1,15:42:00.66 -52:51:30.68,1.05,15 42 00.7809340431,-52 51 30.937572863,0.7438,0.0664,16.5824,0.0006
2,15:42:00.66 -52:51:30.68,1.691,15 42 00.4871036911,-52 51 29.954694247,2.3133,0.8893,20.2838,0.0075
1,15:42:14.21 -52:53:44.19,1.797,15 42 14.0839183844,-52 53 42.799196625,0.4585,0.0629,15.9789,0.0006
1,15:42:09.98 -52:45:18.71,1.204,15 42 10.1115495731,-52 45 18.997141161,0.4014,0.0902,17.0424,0.0009
1,15:41:55.58 -52:47:34.32,0.758,15 41 55.6590353566,-52 47 34.606230557,0.9323,0.0424,15.7195,0.0008
1,15:41:41.62 -52:49:08.23,0.822,15 41 41.7139729518,-52 49 08.188967025,0.5573,0.0502,16.0244,0.0006
1,15:41:45.87 -52:49:12.92,1.297,15 41 46.0136064306,-52 49 13.112359682,0.4496,0.0405,15.5569,0.0005
1,15:42:29.54 -52:45:22.72,1.1,15 42 29.6616384346,-52 45 22.811258952,0.6362,0.0571,16.1538,0.0006
1,15:42:09.25 -52:53:07.44,0.905,15 42 09.3314727181,-52 53 07.910416884,0.5909,0.0435,15.626,0.0005
1,15:42:15.12 -52:53:08.41,0.824,15 42 15.2132219153,-52 53 08.518883125,1.0262,0.0351,11.6479,0.0003
1,15:42:08.63 -52:50:22.41,1.138,15 42 08.7537920327,-52 50 22.778469724,0.8849,0.0335,15.0491,0.0003
1,15:42:06.38 -52:54:16.99,1.483,15 42 06.5447750031,-52 54 16.463127639,1.8279,0.0431,15.6304,0.0017
1,15:42:22.59 -52:54:35.86,0.852,15 42 22.6796540803,-52 54 36.157545986,0.5866,0.0294,14.6309,0.0003
1,15:42:29.46 -52:50:49.27,0.776,15 42 29.5486633540,-52 50 49.163483361,0.604,0.0422,15.3357,0.0004
1,15:42:38.02 -52:52:17.65,1.309,15 42 38.1624343435,-52 52 17.933422810,0.9846,0.0344,14.7782,0.0004
1,15:42:33.50 -52:44:30.69,0.732,15 42 33.5798212998,-52 44 30.776857040,0.8617,0.1521,16.0226,0.0013
1,15:42:18.43 -52:52:52.57,1.962,15 42 18.3973173093,-52 52 50.563133989,0.2935,0.0947,15.7097,0.0008
1,15:42:04.00 -52:54:48.69,0.815,15 42 04.0508424546,-52 54 49.374389127,0.6067,0.0742,16.1327,0.0007
2,15:42:04.00 -52:54:48.69,1.511,15 42 04.1698368800,-52 54 48.563575905,-2.1922,0.301,15.8145,0.0023
1,15:42:43.70 -52:47:19.62,1.457,15 42 43.8300260684,-52 47 19.593576622,12.0524,0.0726,15.8085,0.0007
1,15:42:39.71 -52:54:11.41,1.195,15 42 39.8497290115,-52 54 11.347166465,0.4318,0.0609,16.2167,0.0007
1,15:42:33.11 -52:52:42.94,1.349,15 42 33.2431781594,-52 52 43.576145701,0.0801,0.127,17.0068,0.0009
1,15:41:59.07 -52:54:53.02,1.273,15 41 59.2158083745,-52 54 53.121306962,0.3294,0.0849,15.9169,0.0007
1,15:41:53.35 -52:51:48.70,0.709,15 41 53.4206380402,-52 51 48.335536390,0.0997,0.0938,16.7838,0.0008
2,15:41:53.35 -52:51:48.70,1.924,15 41 53.5622017584,-52 51 48.792615948,? ,? ,20.3893,0.0143
1,15:41:43.16 -52:52:22.76,0.91,15 41 43.2401895451,-52 52 23.240210750,0.9948,0.0339,15.0211,0.0003
1,15:42:10.45 -52:49:36.59,0.474,15 42 10.5140926779,-52 49 36.440379649,0.6331,0.0604,16.3432,0.0007
1,15:41:40.73 -52:47:20.53,0.795,15 41 40.8120184000,-52 47 20.924003661,0.5422,0.0339,15.2724,0.0004
1,15:42:19.34 -52:54:36.09,1.267,15 42 19.4726288208,-52 54 36.423540460,1.0555,0.0464,15.78,0.0006
1,15:41:40.85 -52:50:45.91,0.393,15 41 40.8962131364,-52 50 45.894686485,0.9333,0.0352,12.2281,0.0003
1,15:42:06.38 -52:54:16.99,1.483,15 42 06.5447750031,-52 54 16.463127639,1.8279,0.0431,15.6304,0.0017
1,15:41:54.86 -52:47:45.44,1.131,15 41 54.9863834542,-52 47 45.647144693,0.8559,0.0633,16.5693,0.0006
1,15:42:47.44 -52:54:14.00,1.287,15 42 47.5613713179,-52 54 14.835183218,0.9254,0.0813,16.8046,0.0007
1,15:41:46.95 -52:52:19.97,0.718,15 41 47.0261185227,-52 52 20.251284100,0.6815,0.0558,16.3854,0.0008
1,15:41:51.28 -52:49:18.88,0.723,15 41 51.3542302943,-52 49 19.205993159,1.0213,0.0319,15.0753,0.0003
1,15:41:41.16 -52:47:23.99,1.806,15 41 41.3471159612,-52 47 24.385230449,0.5955,0.0582,16.4761,0.0006
1,15:41:53.84 -52:43:42.64,1.14,15 41 53.9756498978,-52 43 42.467260536,0.7864,0.0422,15.2868,0.0005
1,15:42:18.85 -52:45:40.88,1.272,15 42 18.9956648521,-52 45 41.167652849,0.4983,0.0834,16.9454,0.0008
1,15:41:44.93 -52:49:23.92,0.882,15 41 45.0282645292,-52 49 24.058365890,0.4774,0.0537,16.2828,0.0006
1,15:42:04.02 -52:45:51.12,0.981,15 42 04.0488240100,-52 45 49.935870569,1.2849,0.0297,14.0688,0.0002
1,15:41:51.48 -52:47:12.15,1.025,15 41 51.6035646853,-52 47 12.442470927,0.6418,0.0748,16.7312,0.0008
1,15:42:48.76 -52:46:55.96,1.151,15 42 48.8901157175,-52 46 56.097564941,1.1018,0.0611,16.2965,0.0018
1,15:41:49.67 -52:46:45.24,0.872,15 41 49.7540123936,-52 46 45.463105791,0.5573,0.0465,15.6499,0.0005
1,15:41:56.10 -52:45:36.60,0.859,15 41 56.1700346232,-52 45 37.177843392,? ,? ,15.8932,0.0027
2,15:41:56.10 -52:45:36.60,1.598,15 41 55.9256128704,-52 45 36.815357700,? ,? ,20.8542,0.0228
1,15:41:48.39 -52:47:47.66,0.741,15 41 48.4729524714,-52 47 47.595002028,0.9245,0.0465,15.8287,0.0005
1,15:42:48.27 -52:49:47.39,0.988,15 42 48.3565137558,-52 49 47.845329784,2.6185,0.0441,14.9832,0.0005
1,15:42:04.07 -52:45:51.45,1.343,15 42 04.0488240100,-52 45 49.935870569,1.2849,0.0297,14.0688,0.0002
2,15:42:04.07 -52:45:51.45,1.774,15 42 04.1435821219,-52 45 53.049807951,0.8009,0.037,14.8841,0.0005
1,15:41:44.10 -52:50:10.70,0.018,15 41 44.0980550592,-52 50 10.697081604,? ,? ,20.2647,0.0086
2,15:41:44.10 -52:50:10.70,1.007,15 41 44.1972430327,-52 50 11.155670344,0.8091,0.0836,17.0551,0.0008
1,15:41:59.07 -52:52:27.05,1.08,15 41 59.1996840942,-52 52 26.936151121,1.3323,0.0277,14.6402,0.0003
1,15:42:09.62 -52:52:47.03,1.153,15 42 09.6372126630,-52 52 48.101462104,1.2214,0.0451,10.9548,0.0005
1,15:42:18.48 -52:46:54.72,1.065,15 42 18.5735915657,-52 46 55.062743388,1.5589,0.0499,15.8904,0.0005
1,15:42:30.83 -52:52:14.26,1.428,15 42 30.9918294029,-52 52 14.633226092,0.5939,0.0591,16.2403,0.0006
1,15:41:45.13 -52:49:02.03,1.091,15 41 45.2259553355,-52 49 02.549500693,0.8219,0.0412,15.3693,0.0004
1,15:42:04.47 -52:45:10.81,0.505,15 42 04.5386996727,-52 45 10.805980750,1.6812,0.029,13.9756,0.0003
1,15:41:59.99 -52:53:45.38,0.938,15 42 00.0818200691,-52 53 45.654584396,1.7209,0.023,13.8217,0.0002
1,15:42:08.16 -52:52:59.84,1.129,15 42 08.2850380922,-52 53 00.170208027,1.2587,0.039,15.0824,0.0008
1,15:41:39.13 -52:48:12.11,1.812,15 41 39.1010932729,-52 48 13.165165719,4.207,0.0348,11.4832,0.0003
1,15:42:43.26 -52:45:41.95,0.707,15 42 43.3456306440,-52 45 41.876386892,1.3416,0.0407,11.8129,0.0003
1,15:42:06.35 -52:44:46.91,0.821,15 42 06.4340523535,-52 44 47.259692712,1.594,0.0424,15.1586,0.0005
1,15:41:47.54 -52:43:48.41,0.539,15 41 47.6105140993,-52 43 48.444429138,2.1763,0.0277,13.3079,0.0002
1,15:42:32.82 -52:47:47.29,1.296,15 42 32.9551690677,-52 47 47.067316860,1.1885,0.0286,14.1695,0.0002
1,15:41:56.34 -52:48:00.50,0.833,15 41 56.4442149492,-52 48 00.717642128,2.9043,0.036,12.2916,0.0002
1,15:42:27.21 -52:54:24.35,1.339,15 42 27.2980547014,-52 54 23.090587804,0.2555,0.4962,19.4252,0.0059
2,15:42:27.21 -52:54:24.35,1.423,15 42 27.3483504762,-52 54 24.842412374,1.1717,0.0331,15.0934,0.0003
1,15:42:49.30 -52:53:29.41,1.247,15 42 49.4147722886,-52 53 29.918823498,1.4745,0.025,13.7598,0.0002
1,15:42:39.08 -52:45:34.62,0.815,15 42 39.1848911126,-52 45 34.479318846,1.5956,0.0392,15.0086,0.0004
1,15:42:24.57 -52:51:06.65,1.528,15 42 24.6882234397,-52 51 07.696631653,2.7515,0.0429,11.8108,0.0002
1,15:41:45.61 -52:47:30.81,0.438,15 41 45.6813437329,-52 47 30.927247138,4.0138,0.0279,14.5304,0.0003
1,15:42:52.23 -52:44:46.22,1.15,15 42 52.3514248643,-52 44 46.573539812,1.2591,0.0297,14.3979,0.0004
1,15:42:27.23 -52:46:23.88,0.862,15 42 27.3166840559,-52 46 24.311051254,2.8391,0.0302,14.5288,0.0004
2,15:42:27.23 -52:46:23.88,1.373,15 42 27.1724029375,-52 46 22.492713072,2.5158,0.1374,17.6947,0.0018
1,15:42:19.43 -52:53:20.90,1.005,15 42 19.5040650343,-52 53 21.536805950,2.2287,0.0469,14.4404,0.0004
2,15:42:19.43 -52:53:20.90,1.595,15 42 19.5967223633,-52 53 19.983552516,2.2799,0.1137,17.3134,0.0021
